{
  "model_name": "gesture_tcn",
  "class_names": [
    "grab",
    "release",
    "swipe_up",
    "swipe_down",
    "noise"
  ],
  "seq_len": 30,
  "feature_dim": 144,
  "raw_dim": 63,
  "num_classes": 5,
  "num_landmarks": 21,
  "normalize_mean": [
    0.0,
    0.0,
    0.0,
    -0.13205406069755554,
    -0.08056185394525528,
    -0.20255990326404572,
    -0.21771705150604248,
    -0.2858772277832031,
    -0.3209269940853119,
    -0.22076833248138428,
    -0.48385557532310486,
    -0.42550429701805115,
    -0.16957898437976837,
    -0.6214841604232788,
    -0.5119583010673523,
    -0.10063081234693527,
    -0.669488787651062,
    -0.18562078475952148,
    -0.13221375644207,
    -0.8334829807281494,
    -0.36519598960876465,
    -0.15058393776416779,
    -0.8404564261436462,
    -0.4753071367740631,
    -0.15380622446537018,
    -0.871425211429596,
    -0.540711522102356,
    0.011502480134367943,
    -0.71381014585495,
    -0.1797255128622055,
    -0.023350609466433525,
    -0.8790271282196045,
    -0.3650039732456207,
    -0.05346101522445679,
    -0.8180894255638123,
    -0.43685898184776306,
    -0.059398896992206573,
    -0.8180517554283142,
    -0.46092236042022705,
    0.10401640087366104,
    -0.6871972680091858,
    -0.20208632946014404,
    0.06374920159578323,
    -0.8027828335762024,
    -0.39818471670150757,
    0.016401495784521103,
    -0.6943550109863281,
    -0.41265973448753357,
    0.0018609962426126003,
    -0.6646579504013062,
    -0.3861209452152252,
    0.1810600757598877,
    -0.6101570129394531,
    -0.24200725555419922,
    0.13527269661426544,
    -0.6692613959312439,
    -0.3874303996562958,
    0.0909162163734436,
    -0.5964934229850769,
    -0.39524519443511963,
    0.07740042358636856,
    -0.5784546732902527,
    -0.37419813871383667,
    0.0,
    0.0,
    0.0,
    0.0007261431310325861,
    0.0024312124587595463,
    -0.0015855338424444199,
    9.435703759663738e-06,
    0.004569490905851126,
    -0.0032810966949909925,
    -0.0020452821627259254,
    0.0072141545824706554,
    -0.00479907775297761,
    -0.004711625631898642,
    0.01018858328461647,
    -0.006263209972530603,
    -0.001206946442835033,
    0.00011200943117728457,
    -0.0035395785234868526,
    -0.0007058383198454976,
    0.0024656301829963923,
    -0.0052760448306798935,
    -0.0008951561758294702,
    0.0026129777543246746,
    -0.005982966162264347,
    -0.0016490838024765253,
    0.0030578726436942816,
    -0.006289397832006216,
    -0.00029953342163935304,
    -0.0006898283027112484,
    -0.0036578287836164236,
    -0.0002453902561683208,
    0.0015799363609403372,
    -0.005630821455270052,
    -0.0004700858553405851,
    0.004168240819126368,
    -0.005710298661142588,
    -0.0005207060603424907,
    0.0076355175115168095,
    -0.005236804485321045,
    0.0006651536677964032,
    -0.001135552884079516,
    -0.0038281120359897614,
    0.001228395034559071,
    0.003505842061713338,
    -0.00560823455452919,
    0.000707513012457639,
    0.006536123808473349,
    -0.004782297182828188,
    -4.79099944641348e-05,
    0.008706629276275635,
    -0.003723559435456991,
    0.0017133979126811028,
    -0.0011663477635011077,
    -0.004170426167547703,
    0.0014875176129862666,
    0.003551619593054056,
    -0.005582533776760101,
    0.0011856729397550225,
    0.007242809049785137,
    -0.005206875503063202,
    0.0010093593737110496,
    0.009295285679399967,
    -0.004508064594119787,
    0.0033008279278874397,
    -0.0021244215313345194,
    -9.370038469569408e-07,
    0.8849414587020874,
    0.5934820175170898,
    0.5404508113861084,
    0.4255881905555725,
    1.0346240997314453,
    1.1391830444335938,
    1.301174521446228,
    0.9714365601539612,
    1.2305655479431152,
    0.8706703186035156,
    0.8609017729759216,
    1.0422316789627075,
    1.3099027872085571,
    1.6512272357940674,
    1.6021240949630737
  ],
  "normalize_std": [
    9.999999974752427e-07,
    9.999999974752427e-07,
    9.999999974752427e-07,
    0.38369426131248474,
    0.27336615324020386,
    0.196217343211174,
    0.6748249530792236,
    0.4972767233848572,
    0.30074357986450195,
    0.8021233081817627,
    0.7053316831588745,
    0.38512930274009705,
    0.8793220520019531,
    0.9137244820594788,
    0.46807077527046204,
    0.5584511160850525,
    0.5276134014129639,
    0.302205890417099,
    0.7226115465164185,
    0.7595959901809692,
    0.40052109956741333,
    0.7803673148155212,
    0.8722975850105286,
    0.4561667740345001,
    0.8260651230812073,
    1.0355995893478394,
    0.49198105931282043,
    0.40417489409446716,
    0.46627625823020935,
    0.2779759466648102,
    0.5607753396034241,
    0.7713994979858398,
    0.3875153362751007,
    0.5962905883789062,
    0.9040482044219971,
    0.4150770306587219,
    0.6455520391464233,
    1.1412725448608398,
    0.430464506149292,
    0.3880733847618103,
    0.4412671625614166,
    0.27798330783843994,
    0.49771207571029663,
    0.7550365328788757,
    0.38749632239341736,
    0.522442102432251,
    0.8487468957901001,
    0.38191765546798706,
    0.5641067028045654,
    0.9753360152244568,
    0.3763546347618103,
    0.4904259741306305,
    0.46099045872688293,
    0.30740219354629517,
    0.5693407654762268,
    0.7073172330856323,
    0.37988921999931335,
    0.6088966727256775,
    0.8435596823692322,
    0.3747667074203491,
    0.663379967212677,
    0.9922523498535156,
    0.36929085850715637,
    9.999999974752427e-07,
    9.999999974752427e-07,
    9.999999974752427e-07,
    0.07464412599802017,
    0.07300516963005066,
    0.04389215633273125,
    0.13122284412384033,
    0.12504057586193085,
    0.06524720042943954,
    0.157344251871109,
    0.18116888403892517,
    0.08227657526731491,
    0.18206194043159485,
    0.22965949773788452,
    0.1011243462562561,
    0.11203733831644058,
    0.1251022219657898,
    0.07674133032560349,
    0.14113296568393707,
    0.1770182102918625,
    0.09804119914770126,
    0.15665122866630554,
    0.22141331434249878,
    0.1110876202583313,
    0.17361269891262054,
    0.275357723236084,
    0.11949537694454193,
    0.09547378867864609,
    0.10834448784589767,
    0.07300008833408356,
    0.13063214719295502,
    0.19213637709617615,
    0.09835558384656906,
    0.1464855968952179,
    0.2341637760400772,
    0.10692387819290161,
    0.16556678712368011,
    0.2923196256160736,
    0.11278262734413147,
    0.097038634121418,
    0.10943147540092468,
    0.07446679472923279,
    0.12457919120788574,
    0.19860529899597168,
    0.09882184118032455,
    0.14068731665611267,
    0.2253022938966751,
    0.10042871534824371,
    0.16076800227165222,
    0.2582460641860962,
    0.10282143950462341,
    0.11180353164672852,
    0.12398306280374527,
    0.08258573710918427,
    0.14045917987823486,
    0.19122561812400818,
    0.09919075667858124,
    0.16409632563591003,
    0.226546972990036,
    0.09940074384212494,
    0.1885841190814972,
    0.26378676295280457,
    0.10126261413097382,
    0.041645847260951996,
    0.06767847388982773,
    0.0010900537017732859,
    0.754824161529541,
    0.5804909467697144,
    0.5314337611198425,
    0.5557085275650024,
    0.9095712900161743,
    0.9531760811805725,
    1.111831784248352,
    0.6567478775978088,
    0.8564807772636414,
    0.7394182085990906,
    0.49623405933380127,
    0.8100427389144897,
    0.9352013468742371,
    0.9955351948738098,
    1.0126142501831055
  ],
  "pairs": [
    [
      4,
      8
    ],
    [
      8,
      12
    ],
    [
      12,
      16
    ],
    [
      16,
      20
    ],
    [
      4,
      12
    ],
    [
      4,
      16
    ],
    [
      4,
      20
    ],
    [
      8,
      16
    ],
    [
      8,
      20
    ],
    [
      12,
      20
    ]
  ],
  "fingertip_ids": [
    4,
    8,
    12,
    16,
    20
  ],
  "base_ids": [
    2,
    5,
    9,
    13,
    17
  ],
  "n_fingers": 5,