{
  "class_names": [
    "grab",
    "swipe_up",
    "swipe_down",
    "swipe_left",
    "swipe_right",
    "finger_heart",
    "wave",
    "noise"
  ],
  "seq_len": 30,
  "feature_dim": 63,
  "num_classes": 8,
  "num_landmarks": 21,
  "prune_amount": 0.35,
  "normalize_mean": [
    0.5052874088287354,
    0.8504707217216492,
    -1.279849612956241e-07,
    0.47734159231185913,
    0.7953029274940491,
    -0.08240221440792084,
    0.458650678396225,
    0.724686861038208,
    -0.13848735392093658,
    0.4576766788959503,
    0.6748733520507812,
    -0.1861897110939026,
    0.4657421410083771,
    0.6430357098579407,
    -0.22695617377758026,
    0.4980009198188782,
    0.651984691619873,
    -0.11939839273691177,
    0.4782252907752991,
    0.584404468536377,
    -0.19910621643066406,
    0.4565372169017792,
    0.5739672183990479,
    -0.2475021481513977,
    0.44646480679512024,
    0.5689011216163635,
    -0.27728772163391113,
    0.5287877917289734,
    0.6709414720535278,
    -0.12010219693183899,
    0.504603385925293,
    0.6061182618141174,
    -0.1985105276107788,
    0.4753915071487427,
    0.6153304576873779,
    -0.2234896421432495,
    0.46222618222236633,
    0.6206697225570679,
    -0.2338993102312088,
    0.5488086938858032,
    0.7043169736862183,
    -0.1289469450712204,
    0.5155475735664368,
    0.6588790416717529,
    -0.20268212258815765,
    0.4914381206035614,
    0.6783363223075867,
    -0.19702847301959991,
    0.48708468675613403,
    0.6875442862510681,
    -0.18305596709251404,
    0.5611351728439331,
    0.7434008717536926,
    -0.14581073820590973,
    0.5283095240592957,
    0.7106807827949524,
    -0.19808556139469147,
    0.5071656703948975,
    0.7195737957954407,
    -0.1922430694103241,
    0.5036347508430481,
    0.7228087782859802,
    -0.17985892295837402
  ],
  "normalize_std": [
    0.22264309227466583,
    0.15195438265800476,
    2.5606182134652045e-06,
    0.20651209354400635,
    0.1487080603837967,
    0.06209006905555725,
    0.20557813346385956,
    0.15061120688915253,
    0.09765269607305527,
    0.2315467894077301,
    0.18591055274009705,
    0.13113568723201752,
    0.2689415514469147,
    0.22224698960781097,
    0.16246792674064636,
    0.2049976885318756,
    0.13574786484241486,
    0.1179419532418251,
    0.2567170560359955,
    0.14615052938461304,
    0.18700285255908966,
    0.30550676584243774,
    0.1802004724740982,
    0.2226526290178299,
    0.3460965156555176,
    0.22569847106933594,
    0.23580825328826904,
    0.18634456396102905,
    0.14212274551391602,
    0.12392865121364594,
    0.241954043507576,
    0.17795749008655548,
    0.19885088503360748,
    0.28395354747772217,
    0.23240141570568085,
    0.21143491566181183,
    0.3100185990333557,
    0.2827761173248291,
    0.20926040410995483,
    0.20522943139076233,
    0.15337561070919037,
    0.13348951935768127,
    0.21316953003406525,
    0.17524604499340057,
    0.20320065319538116,
    0.22828854620456696,
    0.2206406593322754,
    0.1852731555700302,
    0.23056016862392426,
    0.2644771635532379,
    0.16693443059921265,
    0.26038867235183716,
    0.15825633704662323,
    0.14894402027130127,
    0.25084206461906433,
    0.16587592661380768,
    0.1891237199306488,
    0.2513878047466278,
    0.20217551290988922,
    0.17449349164962769,
    0.24443893134593964,
    0.23508602380752563,
    0.15908923745155334
  ]
}